index,CSVname,well,time,Number of Spikes,Mean Firing Rate (Hz),Number of Active Electrodes,Weighted Mean Firing Rate (Hz),ISI Coefficient of Variation - Avg,Number of Bursts,Number of Bursting Electrodes,Burst Duration - Avg (s),Burst Duration - Std (s),Number of Spikes per Burst - Avg,Number of Spikes per Burst - Std,Mean ISI within Burst - Avg,Mean ISI within Burst - Std,Median ISI within Burst - Avg,Median ISI within Burst - Std,Inter-Burst Interval - Avg (s),Inter-Burst Interval - Std (s),Burst Frequency - Avg (Hz),Burst Frequency - Std (Hz),Normalized Duration IQR - Avg,Normalized Duration IQR - Std,IBI Coefficient of Variation - Avg,IBI Coefficient of Variation - Std,Burst Percentage - Avg,Burst Percentage - Std,Number of Network Bursts,Network Burst Frequency (Hz),Network Burst Duration - Avg (sec),Network Burst Duration - Std (sec),Number of Spikes per Network Burst - Avg,Number of Spikes per Network Burst - Std,Number of Elecs Participating in Burst - Avg,Number of Elecs Participating in Burst - Std,Number of Spikes per Network Burst per Channel - Avg,Number of Spikes per Network Burst per Channel - Std,Network Burst Percentage,Network ISI Coefficient of Variation,Area Under Normalized Cross-Correlation,Area Under Cross-Correlation,Width at Half Height of Normalized Cross-Correlation,Width at Half Height of Cross-Correlation,Synchrony Index,average_connection_strength,connection_density,average_transmission_speed,disease_status
0,4,A1,0-100,1536,1.924812,7,2.192624,1.913384,64,6,0.119662,0.067914,9.494372,8.151508,0.016677,0.004932,0.012806,0.004717,17.152828,20.547122,0.106934,0.093972,0.427514,0.129351,0.89345,0.116019,31.265539,27.27783,10,0.100251,0.46472,0.142715,76,15.231546,7.4,0.516398,10.330357,2.318485,49.479167,2.107287,0.19986,1.647691,26,92,0.414953,249,1,182.4812235,0
1,1,A1,0-100,1370,1.716792,6,2.275689,2.708578,94,6,0.131438,0.055008,9.833785,4.15978,0.016165,0.002941,0.011924,0.003105,7.246776,3.281189,0.157059,0.066094,0.316725,0.268662,0.856781,0.162481,58.749546,30.198637,10,0.100251,0.538488,0.146705,102.7,13.687383,6.7,0.483046,15.354762,2.128921,74.963504,3.339031,0.390111,2.710705,28,91,0.59292,549.8095238,0.75,216.6882308,0
2,2,A1,0-100,2921,3.660401,7,4.183315,2.947392,128,7,0.285772,0.208456,16.938225,11.129849,0.020733,0.004608,0.01634,0.004506,9.806954,13.618104,0.183315,0.073147,0.718305,0.375983,0.782189,0.187467,70.148835,18.821408,13,0.130326,1.05936,0.137529,180.076923,14.35538,7,0,25.725275,2.050769,80.143786,3.399193,0.379527,6.117078,34,133,0.699957,1609.47619,0.75,182.9949934,0
3,3,A1,0-100,3233,4.051378,7,4.630147,3.697004,107,7,0.224749,0.138824,21.113209,17.57945,0.014112,0.005298,0.009567,0.004896,7.725243,6.011707,0.15324,0.081179,0.687869,0.562178,0.983535,0.369813,65.352488,31.235683,10,0.100251,0.97428,0.401003,268.7,86.34305,7,0,38.385714,12.334721,83.111661,3.537249,0.410466,10.347297,26,115,0.694148,2352.47619,0.75,185.3836478,0
4,3,A1,100-200,3490,4.373434,7,4.996778,3.597163,122,7,0.211794,0.116404,19.461163,15.083319,0.016115,0.007634,0.011177,0.004976,7.454572,5.788814,0.174723,0.095433,0.681334,0.425559,0.929543,0.274671,59.238861,37.656264,12,0.120301,0.959173,0.272366,243.666667,59.110579,7.083333,0.288675,34.385417,8.246329,83.782235,3.964451,0.399505,11.445399,30,116,0.538528,2079.269231,0.928571429,192.9318468,0
10,4,A1,100-200,1497,1.87594,7,2.139635,2.011293,60,6,0.122711,0.076933,9.633684,8.967644,0.017569,0.0058,0.014231,0.005417,11.292846,6.136078,0.100251,0.09699,0.73776,0.472007,0.817027,0.299808,28.908043,24.579681,10,0.100251,0.58752,0.237874,76.8,15.411395,7,0.666667,10.951786,1.819055,51.302605,2.299921,0.1883,1.579663,39,101,0.386663,248,0.964285714,158.8262002,0
11,2,A1,100-200,2890,3.621554,7,4.138919,3.015219,106,7,0.330392,0.228895,20.662153,14.428409,0.019555,0.003402,0.014877,0.003176,7.077844,2.741829,0.151808,0.051584,0.445023,0.14471,0.614971,0.227206,69.520533,13.665164,12,0.120301,0.980213,0.199197,187.25,21.054583,7,0,26.75,3.007798,77.750865,3.282908,0.393852,6.368421,41,131,0.71414,1587.333333,0.75,197.2728059,0
12,1,A1,100-200,1415,1.773183,7,2.026495,2.624747,92,6,0.149162,0.081625,11.121934,5.533786,0.015142,0.002225,0.011109,0.002709,6.862582,2.164562,0.153718,0.048148,0.59569,0.167546,0.735332,0.204536,61.991133,29.734424,11,0.110276,0.599345,0.141509,107,6.572671,6.545455,0.522233,16.396104,1.002733,83.180212,3.425161,0.366007,2.807734,32,95,0.581014,550.5238095,0.75,194.1477647,0
13,4,A1,150-250,1507,1.888471,7,2.151092,1.979346,60,6,0.140587,0.08674,10.144464,9.228887,0.018972,0.0067,0.014226,0.005855,15.428809,15.798329,0.100251,0.090559,0.637004,0.319905,0.863152,0.156581,29.996547,25.711226,13,0.130326,0.527009,0.188179,78,14.623041,7.307692,0.480384,10.674451,1.956779,67.285999,2.214185,0.21224,1.67526,27,88,0.432545,249.4444444,0.964285714,204.3187484,0
14,3,A1,150-250,3894,4.879699,7,5.575367,3.650035,131,7,0.231509,0.137407,20.499444,16.493073,0.0165,0.00571,0.011916,0.004601,7.819885,6.527272,0.187612,0.098517,0.577723,0.487996,0.818089,0.313685,58.847911,37.346608,13,0.130326,0.9668,0.266989,250.846154,60.334962,7.076923,0.27735,35.445055,8.501008,83.744222,3.969609,0.397315,12.468672,26,118,0.542761,2291.769231,0.928571429,177.4279764,0
15,1,A1,150-250,1432,1.794486,7,2.050841,2.459179,94,6,0.158006,0.080219,11.035755,5.389973,0.017005,0.003549,0.011602,0.003111,6.459461,1.993917,0.157059,0.055153,0.492565,0.256787,0.731971,0.249973,62.617201,30.140568,11,0.110276,0.621425,0.127672,108.181818,5.862051,6.636364,0.504525,16.367965,1.24145,83.100559,3.571465,0.356586,2.804511,24,94,0.597994,583.2380952,0.75,202.3128129,0
16,2,A1,150-250,3077,3.85589,7,4.406731,2.955603,123,7,0.312187,0.232518,19.255159,13.49289,0.019085,0.003165,0.014479,0.002901,6.343917,2.137652,0.176155,0.043258,0.556945,0.223297,0.668539,0.203889,71.907298,11.076241,13,0.130326,1.067877,0.239968,189.923077,17.49029,7,0,27.131868,2.498613,80.240494,3.292038,0.398715,7.031865,43,128,0.741095,1753.428571,0.75,180.1053771,0
17,2,A1,200-300,3151,3.988608,7,4.558409,3.006403,130,7,0.297727,0.22415,18.98737,13.364403,0.018145,0.00335,0.013404,0.003091,5.842676,1.569817,0.188065,0.044085,0.494403,0.230635,0.719222,0.187292,72.459156,12.662746,14,0.141772,0.993943,0.288509,183.428571,28.529915,7,0,26.204082,4.075702,81.497937,3.454578,0.41861,7.385533,35,127,0.733598,1881.47619,0.75,172.3711544,0
18,1,A1,200-300,1562,1.977215,7,2.259675,2.673733,105,6,0.167259,0.085878,10.954577,4.719611,0.018108,0.004533,0.011973,0.002858,6.440638,2.786301,0.177215,0.054627,0.665023,0.393507,0.721407,0.210295,65.482346,31.656021,12,0.121519,0.656113,0.192406,112.666667,11.941778,6.833333,0.389249,16.511905,1.69203,86.555698,3.842652,0.388161,3.253165,28,96,0.598362,678.1904762,0.75,210.8443244,0
19,3,A1,200-300,3902,4.939241,7,5.644846,3.797156,123,7,0.250761,0.170897,22.595442,19.03138,0.015318,0.005225,0.010778,0.005108,10.202878,10.553372,0.177939,0.108573,0.586237,0.379468,0.782427,0.274674,66.235788,34.881771,13,0.131646,0.956425,0.237202,258.230769,39.581464,7,0,36.89011,5.654495,86.032804,3.982057,0.393829,12.916094,30,126,0.691026,2992.952381,0.75,169.5283841,0
20,4,A1,200-300,1567,1.983544,7,2.261121,1.894164,59,5,0.14846,0.075713,10.910714,9.310595,0.018776,0.007864,0.013662,0.00681,11.115924,8.886358,0.119494,0.102624,0.543828,0.46664,0.708219,0.241298,25.055758,26.677655,11,0.111392,0.521462,0.09858,78.909091,10.755971,7.272727,0.467099,10.86526,1.495515,55.39247,2.26494,0.210552,1.754792,33,92,0.431415,249.4285714,1,236.9654706,0
21,3,A1,50-150,3322,4.162907,7,4.757608,3.783988,111,7,0.218831,0.132958,20.861583,16.289472,0.014048,0.004683,0.009563,0.004296,8.45594,8.168742,0.158969,0.088809,0.718759,0.299376,0.877365,0.266054,66.188403,32.600765,12,0.120301,0.880973,0.310341,234.25,55.855536,7,0,33.464286,7.979362,84.6177,3.700334,0.38302,11.250269,33,124,0.69344,2572.142857,0.75,189.9818733,0
22,4,A1,50-150,1567,1.963659,7,2.239885,1.991332,67,6,0.118894,0.06847,9.326221,8.253804,0.017179,0.0055,0.014646,0.00568,16.512203,21.884275,0.111947,0.101331,0.383541,0.265376,0.773186,0.097606,29.927145,26.348626,10,0.100251,0.552944,0.183184,78.2,12.994016,7,0.666667,11.217262,1.80394,49.904276,2.243406,0.207158,1.683852,24,92,0.41093,263.1428571,1,189.5351503,0
23,1,A1,50-150,1403,1.758145,7,2.009309,2.468747,90,6,0.146293,0.083732,11.044108,5.823389,0.015039,0.002286,0.010956,0.002762,6.841661,2.223589,0.150376,0.04528,0.58879,0.458217,0.77672,0.208151,61.291104,30.299511,11,0.110276,0.575549,0.1105,107.090909,6.155559,6.545455,0.522233,16.426407,1.234999,83.962937,3.453154,0.357812,2.809166,29,95,0.566598,560.9047619,0.75,190.061033,0
24,2,A1,50-150,2891,3.622807,7,4.140351,3.012797,111,7,0.304428,0.2072,18.938492,13.0451,0.01993,0.003818,0.015179,0.003547,9.550167,11.067553,0.158969,0.064303,0.716301,0.281953,0.663491,0.237595,66.392225,19.887371,12,0.120301,1.02956,0.181723,186.666667,22.943937,7,0,26.666667,3.277705,77.48184,3.095363,0.376513,6.086287,42,136,0.698928,1533.904762,0.75,199.3464575,0
25,4,A10,0-100,6351,7.958647,8,7.958647,3.068178,137,6,0.448685,0.310629,44.637116,35.284484,0.016903,0.004819,0.012863,0.004981,4.51362,1.372695,0.228906,0.060622,0.616961,0.206782,0.94166,0.240021,61.180922,39.337022,12,0.120301,1.412547,0.74831,456.25,263.274528,7.666667,0.778499,57.447917,32.233475,86.206897,3.516169,0.446497,28.290011,9,128,0.686069,5530.107143,1,159.7174072,0
26,1,A10,0-100,3117,3.906015,8,3.906015,3.920593,115,8,0.257187,0.183301,23.553488,26.274644,0.016692,0.007261,0.012979,0.006961,7.515941,2.656226,0.14411,0.052486,0.463449,0.350068,0.758642,0.300872,74.571096,20.418234,10,0.100251,0.989312,0.199582,281.1,52.758254,8,0,35.1375,6.594782,90.182868,5.65038,0.446212,10.320802,38,138,0.706547,1787.75,1,211.7059239,0
27,2,A10,0-100,2661,3.334586,7,3.80666,3.539065,133,6,0.164434,0.07917,16.088126,8.592935,0.012643,0.004288,0.008534,0.003593,3.483175,0.514198,0.222222,0.108792,0.64911,0.310005,0.836068,0.096013,59.386007,47.173337,19,0.190476,0.488851,0.190883,135.421053,40.090614,6.842105,0.764719,19.622243,5.20714,96.692973,7.753902,0.397632,9.07662,30,108,0.555198,1455.642857,1,307.6695945,0
28,3,A10,0-100,4977,6.236842,8,6.236842,2.78188,138,6,0.456617,0.211635,30.973941,13.189478,0.017589,0.007987,0.012311,0.007768,4.458328,0.930886,0.230576,0.043928,0.528021,0.204501,0.563897,0.127174,63.008463,40.364445,18,0.180451,1.069004,0.269161,230.277778,59.695113,7.333333,0.594089,31.359127,7.43049,83.283102,2.842443,0.439372,15.195131,37,141,0.590574,2731.464286,1,177.9362864,0
29,3,A10,100-200,5054,6.333333,8,6.333333,2.695809,148,6,0.418537,0.172197,28.988407,9.670166,0.017508,0.008597,0.012076,0.008524,4.106764,0.74411,0.247285,0.051379,0.431612,0.248118,0.406238,0.112117,63.795286,40.501055,21,0.210526,0.964072,0.246805,203.095238,34.089448,7.52381,0.601585,27.174603,5.18812,84.388603,2.982406,0.417721,16.587182,46,154,0.637502,2935.25,1,178.6532498,0
30,4,A10,100-200,7194,9.015038,8,9.015038,3.154292,154,7,0.398913,0.233804,38.909967,29.736438,0.018088,0.007142,0.013894,0.007734,5.852505,4.578834,0.220551,0.094576,0.694913,0.319833,0.890802,0.137211,66.864924,32.26929,15,0.150376,1.27576,0.439748,415,146.421115,7.533333,0.516398,55.378571,20.477775,86.530442,3.672092,0.424888,32.931257,11,144,0.673137,6590.892857,1,168.8902639,0
31,2,A10,100-200,2963,3.713033,7,4.237737,3.650206,143,5,0.182606,0.079303,18.683375,7.599895,0.011275,0.003233,0.007365,0.002311,3.583512,0.46648,0.286717,0.0337,0.475132,0.190363,0.840717,0.116238,58.031505,48.247909,19,0.190476,0.573815,0.195024,150.105263,40.114966,6.894737,0.657836,22.062657,6.638387,96.253797,7.365978,0.41835,10.085213,30,108,0.559798,1611.785714,1,186.1082592,0
32,1,A10,100-200,3126,3.917293,8,3.917293,4.049929,101,8,0.297208,0.199346,24.80051,23.975837,0.017167,0.005703,0.013669,0.006345,9.585162,5.374319,0.126566,0.053569,0.518922,0.460038,0.713786,0.228414,72.57434,22.866275,10,0.100251,1.134408,0.226567,286.3,39.813593,8,0,35.7875,4.976699,91.586692,5.884389,0.517978,10.522735,29,124,0.709559,1836.964286,1,188.6532492,0
33,4,A10,150-250,7361,9.224311,8,9.224311,3.193185,160,7,0.398343,0.238838,39.230979,30.124158,0.017826,0.006074,0.013667,0.006496,5.343243,3.578512,0.229144,0.088051,0.579183,0.218406,0.902188,0.197931,67.73755,32.235936,14,0.140351,1.323606,0.461701,456.928571,183.288115,7.714286,0.468807,58.899235,22.223699,86.903953,3.634896,0.423662,34.387039,9,148,0.69678,6807.535714,1,165.9819028,0
34,3,A10,150-250,5238,6.56391,8,6.56391,2.706646,151,6,0.42048,0.166434,29.501686,9.389524,0.016904,0.007433,0.011482,0.006947,4.095082,0.624204,0.252297,0.039807,0.373842,0.216292,0.450689,0.060827,64.367021,40.635428,22,0.220551,0.893847,0.139326,203.409091,32.261815,7.5,0.672593,27.208333,3.967773,85.433372,3.228552,0.440978,17.802721,47,156,0.661456,3135.857143,1,180.9618901,0
35,1,A10,150-250,3064,3.839599,8,3.839599,3.922239,98,8,0.286821,0.180692,24.956673,25.115315,0.017314,0.00855,0.013684,0.009769,8.701144,4.663493,0.122807,0.061741,0.4499,0.174382,0.532647,0.289436,69.716188,27.569925,11,0.110276,0.925629,0.20039,254.818182,35.479059,8,0,31.852273,4.434882,91.481723,5.731127,0.511969,10.610455,32,130,0.717317,1854.321429,1,197.6697311,0
36,2,A10,150-250,2585,3.239348,7,3.690655,3.623677,123,5,0.18435,0.08601,18.77154,7.912973,0.011247,0.003489,0.007353,0.002721,4.001889,0.648233,0.246617,0.042886,0.546287,0.426212,0.926338,0.133722,57.600216,47.943625,17,0.170426,0.499186,0.217656,143.470588,47.332755,7.117647,0.600245,20.494398,7.51948,94.352031,7.154887,0.428758,8.912281,30,105,0.591286,1414.5,1,191.374522,0
37,2,A10,200-300,2739,3.467089,8,3.467089,3.273341,125,5,0.193997,0.081761,19.528184,8.175028,0.011343,0.003399,0.007463,0.003005,3.76919,0.752218,0.253165,0.044718,0.551489,0.294106,0.859296,0.156383,57.451818,47.956413,18,0.182278,0.520289,0.204702,146.277778,42.769981,7.111111,0.582983,20.734127,6.343217,96.129974,6.888012,0.412298,9.467269,26,112,0.576175,1502.607143,1,181.703703,0
38,1,A10,200-300,3405,4.310127,8,4.310127,3.986967,112,8,0.302137,0.193783,25.366685,23.848236,0.016956,0.006325,0.013293,0.008049,9.175777,6.835559,0.141772,0.059787,0.417546,0.160461,0.716365,0.309133,73.867591,21.848872,12,0.121519,0.915173,0.224381,258.75,32.192955,8,0,32.34375,4.024119,91.189427,5.384575,0.505381,11.976492,32,137,0.731717,2153.535714,1,186.692508,0
39,3,A10,200-300,5107,6.464557,8,6.464557,2.604941,144,6,0.434895,0.187675,30.043152,10.56817,0.017153,0.007237,0.011602,0.007003,4.087078,0.63453,0.243038,0.042963,0.402333,0.223934,0.483401,0.08973,63.46408,40.171994,20,0.202532,0.985544,0.270584,215.1,46.975806,7.4,0.598243,29.167262,6.437661,84.237321,3.311747,0.428262,17.452803,49,154,0.642623,2995.392857,1,189.8714271,0
40,4,A10,200-300,7179,9.087342,8,9.087342,3.21353,150,7,0.406366,0.2456,40.057809,31.518939,0.018612,0.005653,0.01463,0.006381,6.121872,5.242333,0.216998,0.090925,0.625651,0.324618,0.908751,0.1498,66.121922,33.360581,14,0.141772,1.357937,0.644945,448.785714,200.070825,7.642857,0.633324,57.967262,25.323459,87.519153,3.568972,0.418989,33.671248,13,150,0.686002,7001.214286,1,161.1862152,0
41,3,A10,50-150,5046,6.323308,8,6.323308,2.738699,145,6,0.435984,0.194116,29.518673,10.967149,0.017424,0.007324,0.01202,0.007388,4.147294,0.668826,0.242272,0.041778,0.432343,0.208511,0.428931,0.131975,63.497616,40.606955,20,0.200501,1.007112,0.279932,212.5,49.820203,7.35,0.48936,28.997321,6.95742,84.225129,2.955469,0.391531,15.818475,50,158,0.591887,2793.25,1,187.576161,0
42,4,A10,50-150,6809,8.532581,8,8.532581,3.099309,152,7,0.402693,0.247246,37.283407,30.743238,0.020196,0.010673,0.016574,0.012055,5.728203,3.863766,0.217687,0.106523,0.787604,0.244715,0.992501,0.15398,64.339091,35.332715,15,0.150376,1.242891,0.659631,393.266667,245.503118,7.4,0.736788,51.876984,31.587318,86.635336,3.66649,0.420193,29.999642,15,142,0.670706,6115.642857,1,160.2692782,0
43,1,A10,50-150,3281,4.111529,8,4.111529,4.100125,113,8,0.279784,0.186567,23.589747,22.569971,0.017246,0.004521,0.01373,0.00547,7.996539,2.69217,0.141604,0.054499,0.54372,0.441038,0.717249,0.266386,74.555294,21.088341,10,0.100251,1.12708,0.208987,298.6,45.085598,8,0,37.325,5.6357,91.008839,5.766225,0.486287,10.672395,36,131,0.703825,1919.464286,1,189.8816916,0
44,2,A10,50-150,2865,3.590226,7,4.095954,3.523504,142,6,0.161365,0.080673,15.979171,8.437623,0.012351,0.004007,0.008187,0.003145,3.597891,0.607296,0.23726,0.117198,0.408475,0.139679,0.783069,0.107205,58.640583,47.027571,21,0.210526,0.503109,0.21223,132.142857,40.441669,6.904762,0.70034,19.144274,5.806266,96.858639,7.875798,0.401501,9.702828,34,111,0.561566,1627.178571,1,255.5945081,0
1810,2,H3,0-100,1660,2.080201,7,2.377372,2.050333,90,5,0.241814,0.21482,11.191051,7.484189,0.023826,0.005539,0.018087,0.005392,5.798063,1.892594,0.180451,0.055365,0.464385,0.092454,0.642081,0.133376,45.454677,33.56005,13,0.130326,0.841945,0.266792,76.307692,23.396526,6,0.707107,12.660073,3.098095,59.759036,3.408672,0.177053,1.147512,1,4,0.291158,261.4285714,0.75,128.5773551,1
1811,3,H3,0-100,1070,1.340852,5,2.135338,2.586283,50,4,0.261544,0.094036,11.204545,4.664723,0.027774,0.009445,0.022282,0.010906,7.093245,3.171371,0.125313,0.107818,1.192095,1.048182,0.720097,0.269438,38.882414,40.332212,9,0.090226,0.756044,0.172475,72.444444,15.452436,5.444444,0.527046,13.322222,2.414194,60.934579,3.502592,0.068836,0.44898,15,156,0.226665,175.4666667,0.535714286,184.2197563,1
1812,3,H3,100-200,1007,1.261905,6,1.68254,2.274968,54,4,0.223235,0.035892,9.474506,3.469016,0.029428,0.012276,0.021773,0.01126,15.260002,15.402413,0.135338,0.111484,0.78739,0.498624,0.746726,0.25932,39.990608,37.551814,8,0.080201,0.68924,0.143369,65.75,9.483068,5.625,0.517549,11.8375,2.449972,52.234359,3.644569,0.096237,0.466165,20,99,0.26041,163.8666667,0.535714286,143.3164392,1
1813,2,H3,100-200,1664,2.085213,7,2.383101,2.184839,88,6,0.255514,0.181142,11.089658,7.090463,0.026955,0.010075,0.022261,0.012764,8.010098,4.403077,0.147034,0.078852,0.568158,0.215054,0.540991,0.105433,51.790369,29.064428,12,0.120301,0.79306,0.141333,79.916667,17.33865,6.25,0.452267,12.831349,2.941914,57.632212,3.972164,0.179223,1.213033,1,6,0.301249,294.1904762,0.75,145.2531134,1
1814,3,H3,150-250,1069,1.339599,6,1.786132,2.206083,66,4,0.215899,0.052774,9.233654,1.985955,0.027787,0.010912,0.018626,0.010695,5.853685,3.120889,0.165414,0.166247,0.904528,0.683563,0.762068,0.354788,39.830019,40.713086,9,0.090226,0.70616,0.12904,69.111111,11.910546,5.666667,0.5,12.248148,2.127669,58.18522,3.635049,0.088259,0.478697,21,86,0.255266,188.4,0.535714286,138.3803405,1
1815,2,H3,150-250,1654,2.072682,7,2.368779,2.367986,89,6,0.259088,0.189377,11.870893,8.005774,0.025547,0.010793,0.021297,0.013356,8.484263,5.845274,0.148705,0.059955,0.674235,0.364368,0.544468,0.088368,56.680385,29.186284,13,0.130326,0.718954,0.139914,84.230769,17.345287,6.153846,0.375534,13.732601,2.984388,66.203144,4.269707,0.202291,1.511278,1,21,0.351527,360,0.75,135.6435032,1
1816,2,H3,200-300,1681,2.127848,7,2.431826,2.440351,88,6,0.260539,0.207064,12.877146,9.590799,0.024116,0.008728,0.021064,0.009877,8.034741,4.806292,0.148523,0.052293,0.442451,0.265332,0.485819,0.147769,58.953773,31.07774,14,0.141772,0.73328,0.159682,90.571429,17.194428,6.357143,0.497245,14.255102,2.546608,75.431291,4.191595,0.208831,1.774322,2,68,0.4033,425.1428571,0.75,148.9855236,1
1817,3,H3,200-300,1101,1.393671,6,1.858228,2.24091,74,3,0.18561,0.061181,9.455498,1.117868,0.022029,0.009818,0.017476,0.009838,5.465891,2.903294,0.249789,0.195926,0.874821,0.18866,0.657579,0.381801,37.822644,41.980522,8,0.081013,0.74653,0.176736,71.75,14.119389,5.75,0.46291,12.470833,2.15255,52.134423,3.652893,0.10045,0.566365,23,82,0.282351,199.9333333,0.535714286,120.7416849,1
1818,3,H3,50-150,993,1.244361,6,1.659148,2.287215,49,4,0.235411,0.047606,9.942308,4.025798,0.030342,0.013746,0.023786,0.014261,8.35077,3.572852,0.122807,0.101041,1.344811,1.333031,0.679142,0.331262,38.786232,38.623329,8,0.080201,0.74476,0.219576,69.125,19.246057,5.625,0.517549,12.345833,3.336281,55.689829,3.292502,0.080863,0.4343,28,138,0.244066,162.9333333,0.535714286,149.8576758,1
1819,2,H3,50-150,1551,1.943609,7,2.221267,1.883725,80,5,0.242237,0.210855,10.729487,6.482757,0.024702,0.00665,0.019113,0.005666,6.966758,2.795093,0.160401,0.070888,0.432567,0.267291,0.51759,0.066784,42.574006,31.561062,12,0.120301,0.835447,0.178541,68.75,13.457847,6.166667,0.57735,11.156349,1.935531,53.191489,3.186596,0.168924,0.930541,1,2,0.271389,216,0.75,166.1102658,1
1820,1,H4,0-100,1296,1.62406,5,2.564411,2.424779,72,5,0.223882,0.073768,9.810916,2.545673,0.027669,0.00751,0.022833,0.007182,7.350316,1.724601,0.144361,0.040474,0.474992,0.219177,0.516743,0.129472,40.237564,36.713179,8,0.080201,0.63787,0.406572,67.375,17.344719,6,0.534522,11.169643,2.186088,41.589506,3.325966,0.223357,1.073756,7,79,0.338707,229.04,0.892857143,174.2510051,1
1821,1,H4,100-200,1380,1.729323,7,1.976369,1.934524,78,5,0.244345,0.094297,9.855805,2.134052,0.030172,0.009593,0.026788,0.011023,7.150601,2.714575,0.156391,0.068582,0.473305,0.212909,0.469578,0.103599,45.596997,34.583934,10,0.100251,0.576776,0.257181,64.9,10.35428,6.2,0.918937,10.598571,1.746606,47.028986,3.183574,0.228722,1.103473,10,86,0.421146,279.2857143,0.75,177.5814133,1
1822,1,H4,150-250,1501,1.880952,7,2.14966,2.120882,91,5,0.253958,0.081623,10.253826,2.169588,0.029827,0.007154,0.025703,0.008207,6.106123,2.098432,0.182456,0.067026,0.415657,0.139579,0.487054,0.145811,49.173948,36.333252,14,0.140351,0.737857,0.268015,68.714286,13.952825,6.214286,0.892582,11.181973,2.218901,64.090606,3.626613,0.226594,1.280702,7,82,0.445265,335.2857143,0.75,145.3853933,1
1823,1,H4,200-300,1447,1.831646,7,2.093309,2.18915,83,5,0.25548,0.067227,10.889744,3.203118,0.028913,0.005662,0.024711,0.007359,6.018599,1.586885,0.168101,0.048354,0.490331,0.217263,0.473031,0.183691,49.362635,36.460733,13,0.131646,0.768474,0.262546,75.846154,16.087501,6.384615,0.767948,11.942125,2.312739,68.140981,4.040001,0.260618,1.370344,4,56,0.47798,343.6190476,0.75,185.2944013,1
1824,1,H4,50-150,1330,1.666667,7,1.904762,1.932954,72,5,0.227456,0.084896,9.814582,2.835046,0.028413,0.00904,0.024828,0.00989,7.569097,2.225664,0.144361,0.052858,0.451952,0.312078,0.39274,0.081388,45.461888,35.491581,8,0.080201,0.47075,0.148243,64.25,8.293715,6,0.755929,10.829762,1.736265,38.646617,3.231338,0.237255,1.07662,10,80,0.417769,270.0952381,0.75,185.883153,1
1825,1,H6,0-100,901,1.129073,5,1.794486,3.296932,41,5,0.236982,0.116938,12.906154,12.666265,0.02878,0.016614,0.026043,0.017357,12.752668,9.821976,0.082206,0.054634,0.699225,0.416905,0.446469,0.060983,51.144401,44.902301,10,0.100251,0.57464,0.080037,74.6,12.54503,5.5,0.527046,13.733333,2.938253,82.796892,7.070175,0.092611,0.675618,18,147,0.356445,280.7333333,0.535714286,159.7014943,1
1826,1,H6,100-200,941,1.179198,6,1.570593,2.805108,39,5,0.244477,0.088718,13.765385,12.810153,0.027595,0.013427,0.022803,0.014299,11.600351,4.846635,0.078195,0.048805,0.436254,0.278932,0.361579,0.182602,42.476057,43.00318,11,0.110276,0.486095,0.107142,73.272727,11.731078,5.818182,0.40452,12.59697,1.790745,85.65356,6.296566,0.104178,0.792338,16,140,0.296801,326.9333333,0.535714286,127.1386723,1
1827,1,H6,150-250,991,1.241855,5,1.966917,3.217387,42,5,0.234253,0.114007,13.118571,12.632679,0.027366,0.015914,0.023602,0.017305,11.21962,5.434947,0.084211,0.056976,0.597626,0.368795,0.417279,0.213132,42.029101,45.651543,13,0.130326,0.520929,0.10652,70.307692,13.312805,5.461538,0.518875,12.907692,2.305997,92.230071,6.310645,0.100361,0.832796,16,134,0.285139,344.4666667,0.535714286,135.6662711,1
1828,1,H6,200-300,992,1.255696,6,1.672574,2.897145,45,5,0.249822,0.108143,13.259524,11.988357,0.02854,0.016014,0.024477,0.017023,22.177176,23.224257,0.091139,0.056382,0.429911,0.249476,0.349983,0.215263,45.402141,45.613483,13,0.131646,0.530732,0.078217,69.692308,12.078801,5.384615,0.50637,13.023077,2.400902,91.330645,6.319545,0.127728,0.878119,13,111,0.300621,340.6666667,0.535714286,153.6196348,1
1829,1,H6,50-150,903,1.131579,6,1.508772,2.831738,40,5,0.248797,0.100663,13.399084,12.767167,0.029098,0.014475,0.024934,0.015011,14.938534,9.274209,0.080201,0.04539,0.610924,0.279795,0.461533,0.136499,52.462222,39.395527,10,0.100251,0.538512,0.110879,74.4,13.541705,5.7,0.483046,13.216667,3.094489,82.392027,6.749439,0.115266,0.713212,30,157,0.400736,282.8,0.535714286,132.3883866,1
1830,3,H7,0-100,1359,1.703008,7,1.941998,1.982634,66,5,0.204329,0.109927,8.637745,3.347045,0.029143,0.010776,0.026778,0.015812,8.77168,5.392486,0.132331,0.119966,0.433689,0.216502,0.611426,0.228084,31.355541,34.357341,9,0.090226,0.912747,0.149382,74.333333,18.090053,6.888889,0.333333,10.875661,3.023382,49.227373,2.298656,0.116427,0.553527,15,63,0.175198,96.81481481,0.964285714,115.6073533,1
1831,3,H7,100-200,1391,1.743108,7,1.990691,2.099244,65,5,0.220546,0.121141,9.223324,3.7935,0.030064,0.012837,0.027373,0.015123,10.361539,7.961601,0.130326,0.089667,0.995648,0.710756,0.629263,0.262659,32.177602,32.70089,8,0.080201,0.92699,0.337571,88.125,35.566587,7.125,0.353553,12.303571,4.769581,50.682962,2.774186,0.112634,0.664876,2,46,0.191315,130.1153846,0.928571429,107.7239229,1
1832,3,H7,150-250,1438,1.802005,7,2.055138,2.091302,67,6,0.228218,0.12354,9.280374,3.682392,0.031028,0.012917,0.028852,0.015857,24.037632,34.158363,0.111947,0.095405,0.60766,0.32353,0.70779,0.070867,36.198736,32.506454,9,0.090226,0.875324,0.228678,86.222222,32.29078,7.111111,0.600925,12.054894,4.206954,53.963839,2.69537,0.101441,0.704977,7,98,0.202706,139.2592593,0.964285714,113.6331039,1
1833,3,H7,200-300,1430,1.810127,7,2.062929,2.151972,67,6,0.243396,0.115317,9.510489,3.474329,0.031962,0.010862,0.028911,0.014449,15.689973,15.725689,0.11308,0.099718,0.53537,0.073874,0.619798,0.168972,37.006082,33.083493,9,0.091139,0.944267,0.321605,90,46.227697,7.111111,0.600925,12.469577,5.64436,56.643357,2.585375,0.117906,0.79783,9,113,0.230574,164.3846154,0.928571429,137.627007,1
1834,3,H7,50-150,1364,1.709273,7,1.952023,1.995835,65,5,0.228301,0.10796,8.729966,3.294611,0.03251,0.012939,0.029399,0.014916,10.982326,6.883842,0.130326,0.10959,0.668982,0.170832,0.709061,0.216982,30.264751,32.301468,8,0.080201,0.99253,0.278621,79.5,30.896139,6.875,0.353553,11.645833,4.668774,46.627566,2.375689,0.108942,0.537773,3,25,0.14974,122.0952381,0.75,146.6019686,1
1835,2,H8,0-100,1663,2.08396,7,2.381668,2.125994,76,6,0.301498,0.136541,10.320317,4.327055,0.036799,0.015589,0.03262,0.015119,14.061136,13.90136,0.126984,0.082344,0.596545,0.384037,0.589895,0.146185,42.527563,27.483965,12,0.120301,0.834127,0.185677,78.416667,12.018609,6.416667,0.668558,12.295635,1.972796,56.584486,2.948058,0.164471,1.006087,32,154,0.291841,289.75,0.714285714,114.859604,1
1836,3,H8,0-100,2924,3.66416,8,3.66416,2.965523,113,7,0.224334,0.139539,19.146395,12.307925,0.014758,0.00198,0.01047,0.003887,5.510431,0.454439,0.161833,0.068344,0.485471,0.11771,0.452952,0.074255,64.857614,36.737167,16,0.160401,0.662655,0.14705,162.625,30.46063,7.375,0.5,22.132812,4.463409,88.987688,4.713503,0.531193,9.068743,5,74,0.607731,1721.928571,1,160.6791987,1
1837,3,H8,100-200,2833,3.550125,8,3.550125,3.156378,117,6,0.236889,0.12306,19.794476,8.995817,0.013778,0.001913,0.008313,0.002099,5.040483,0.330523,0.195489,0.016473,0.556148,0.077873,0.540056,0.035707,63.790775,39.512393,17,0.170426,0.652047,0.203626,146.176471,28.701558,7.235294,0.562296,20.14916,3.4402,87.716202,4.549371,0.505783,9.207304,6,94,0.606453,1595.535714,1,184.8312839,1
1838,2,H8,100-200,1769,2.216792,7,2.533477,2.103299,83,5,0.31868,0.134639,10.890476,3.910126,0.035887,0.014544,0.031164,0.017422,6.703485,3.682501,0.166416,0.087281,0.514798,0.362962,0.619008,0.341202,40.182855,30.516483,12,0.120301,0.872913,0.650743,77.416667,16.632161,6.583333,0.668558,11.836111,2.519074,52.515546,2.872542,0.162038,1.03473,21,162,0.316591,271.8095238,0.75,153.8101468,1
1839,3,H8,150-250,2885,3.615288,8,3.615288,3.016149,115,6,0.232635,0.124861,20.740716,9.463723,0.012221,0.001269,0.007646,0.001705,5.131496,0.50858,0.192147,0.017267,0.459175,0.165301,0.38448,0.062033,64.426696,39.994308,16,0.160401,0.657815,0.184588,156.3125,24.651487,7.4375,0.512348,21.008929,2.916664,86.689775,4.754855,0.493893,9.816685,6,103,0.625321,1786.678571,1,194.3665492,1
1845,2,H8,150-250,1737,2.176692,7,2.487648,2.037618,81,5,0.3151,0.139624,10.899935,3.81559,0.034793,0.01625,0.030938,0.017771,8.703004,7.790949,0.162406,0.082486,0.711222,0.446993,0.715793,0.287284,40.061596,30.257734,12,0.120301,0.743613,0.319448,73.5,13.853126,6.416667,0.668558,11.571429,2.505467,50.777202,2.734561,0.156968,0.960974,18,138,0.294896,258.6190476,0.75,155.1545974,1
1846,2,H8,200-300,1797,2.274684,7,2.599638,2.098489,93,5,0.305117,0.118392,10.266667,3.470959,0.036604,0.013578,0.032018,0.015515,6.979486,5.211483,0.188354,0.090178,0.677786,0.506805,0.665626,0.202882,42.114988,31.2846,14,0.141772,0.805857,0.205678,71.071429,15.813647,6.285714,0.726273,11.360204,2.389306,55.370061,3.049657,0.149428,1.025678,24,148,0.291538,276.1904762,0.75,165.0717958,1
1847,3,H8,200-300,2869,3.631646,7,4.144665,3.172295,117,7,0.213175,0.141405,18.447236,11.573045,0.013106,0.001942,0.008934,0.002559,4.93709,0.429587,0.169259,0.071776,0.418961,0.087174,0.53032,0.077434,64.439243,37.073521,16,0.162025,0.622075,0.14557,155.125,25.580917,7.25,0.447214,21.398438,3.3458,86.510979,4.9078,0.48987,9.231826,4,96,0.60317,1666.142857,1,199.3574735,1
1848,3,H8,50-150,3013,3.775689,7,4.307913,3.456512,118,7,0.231558,0.136338,19.113409,11.627132,0.014699,0.002107,0.009867,0.003842,5.027053,0.281623,0.168994,0.070753,0.478861,0.081077,0.578512,0.040801,65.623254,37.722665,17,0.170426,0.648951,0.213116,158.294118,28.600185,7.235294,0.437237,21.997899,4.476763,89.312977,4.748956,0.528724,9.505908,5,79,0.594559,1678.571429,1,161.9627982,1
1849,2,H8,50-150,1723,2.159148,7,2.467598,1.990927,80,5,0.315021,0.144638,10.824842,3.607144,0.034459,0.013533,0.029443,0.014718,8.833512,7.364713,0.160401,0.093776,0.668982,0.380825,0.658607,0.284624,39.051855,29.469042,12,0.120301,0.917873,0.594144,78.333333,15.564139,6.5,0.522233,12.039683,2.046469,54.556007,2.692404,0.166054,1.020766,31,165,0.303493,266.8095238,0.75,123.215215,1
1850,2,H9,0-100,1863,2.334586,6,3.106099,2.292105,73,5,0.384274,0.155272,16.71065,5.659972,0.03029,0.012898,0.026241,0.014141,7.179775,2.347769,0.146366,0.076546,0.8827,0.43648,0.692114,0.045284,38.053458,33.734289,8,0.080201,1.01754,0.44214,128.75,44.242029,6.125,0.991031,20.821131,6.076324,55.287171,3.200598,0.292165,2.244182,8,80,0.347183,423,0.928571429,155.6164818,1
1851,3,H9,0-100,981,1.229323,7,1.399212,3.951881,44,7,0.185441,0.079103,15.184694,9.560048,0.016721,0.004965,0.012531,0.005633,17.523661,5.785239,0.063015,0.014998,0.615493,0.42771,1.088523,0.301668,61.046564,30.607674,4,0.0401,0.5292,0.244273,172.75,53.965267,7.75,0.5,22.379464,6.987452,70.438328,4.331342,0.433642,2.69531,5,87,0.632685,411.9642857,1,252.7014559,1
1852,3,H9,100-200,676,0.847118,7,0.96527,3.782084,27,7,0.189251,0.077347,15.666667,9.683534,0.015458,0.003934,0.010549,0.004602,10.967708,5.877788,0.038668,0.01218,0.458687,0.407316,1.555129,0.141329,59.407375,32.749231,3,0.030075,0.432107,0.279809,147.333333,74.3931,7.666667,0.57735,19.005952,8.765553,65.384615,2.802385,0.42165,1.692803,5,76,0.625808,271.5,1,191.0435052,1
1853,2,H9,100-200,1868,2.340852,6,3.111111,2.22871,82,5,0.321175,0.120961,15.523427,5.821644,0.028509,0.009859,0.02423,0.011807,7.101588,2.905925,0.164411,0.095528,0.639455,0.238411,0.856894,0.236626,38.620615,34.373974,8,0.080201,0.92157,0.331093,125.5,22.940918,6.5,0.534522,19.571429,4.700092,53.747323,3.307053,0.269644,2.255639,8,91,0.350058,421.6538462,0.928571429,161.3478952,1
1854,3,H9,150-250,664,0.83208,7,0.943788,4.66308,22,7,0.292575,0.187111,21.5,16.888729,0.017349,0.002909,0.011231,0.004643,31.022196,17.432728,0.031507,0.01218,1.074074,1.611005,1.531898,0.246298,61.081808,35.225734,2,0.02005,0.68044,0.105048,232,1.414214,8,0,29,0.176777,69.879518,3.188352,0.450301,1.66058,4,55,0.644929,274.5714286,1,203.5978758,1
